Vendor Name,Department,Last 12 months Cost (USD),1-line Description on what the Vendor does,Suggestions (Consolidate / Terminate / Optimize costs),Recommendation Rationale
Salesforce Uk Ltd-Uk,Sales,"$3,117,226","CRM platform for sales pipeline management, forecasting, and customer engagement in the UK.",Optimize,"Critical CRM platform; high spend at $3.1M warrants contract renegotiation, seat audit, and license optimization."
Navan (Tripactions Inc),G&A,"$357,984",Corporate travel and expense management platform for employee business travel booking.,Consolidate,"Duplicate travel platform with Navan, Inc (US entity); consolidate to a single global contract to reduce costs."
Bdo Llp,Finance,"$343,081",External audit and accounting advisory services firm providing assurance and tax services.,Optimize,Overlaps with Grant Thornton in audit/advisory; retain as primary auditor but renegotiate fees competitively.
Tog Uk Properties Limited,Facilities,"$263,821",UK flexible office space and co-working facility provider for office accommodation.,Optimize,"Active UK office facility; review lease terms, space utilization, and renegotiate for cost efficiency."
Cloudcrossing Bvba,Engineering,"$208,675",Cloud networking and connectivity solutions provider for infrastructure integration in Europe.,Optimize,"Engineering cloud networking infrastructure; review usage, benchmark pricing, and renegotiate contract terms."
Zagrebtower D.O.O.,Facilities,"$183,754",Croatian commercial office space landlord providing leased premises in Zagreb.,Consolidate,Overlaps with Weking D.O.O. as Croatian office space; consolidate into one Zagreb location to reduce costs.
Innovent Spaces Private Limited,Facilities,"$147,348",India-based managed office and co-working space provider for local team operations.,Optimize,India managed office for local ops; review space utilization and renegotiate lease terms.
Weking D.O.O.,Facilities,"$144,093",Croatian co-working and flexible office space provider for local team accommodation.,Consolidate,Overlaps with Zagrebtower D.O.O. in Croatian office space; consolidate to single Zagreb facility.
Jensten Insurance Brokers,G&A,"$142,700",UK commercial insurance brokerage providing corporate insurance coverage and risk placement.,Optimize,Corporate insurance brokerage is compliance-critical; review coverage scope and benchmark broker fees.
Gpt Space & Co,Facilities,"$133,507",Australian commercial office space and property management provider for workplace accommodation.,Optimize,"Australian office space for local team; review headcount needs, utilization, and renegotiate lease."
Aetna Life And Casualty Ltd,G&A,"$124,661",International group health and life insurance provider for employee benefits programs.,Optimize,Employee health benefits provider; benchmark premiums against competitors and review plan design for savings.
Rsm Uk Corporate Finance Llp,Finance,"$117,078",UK corporate finance advisory firm providing transaction support and financial due diligence.,Optimize,Corporate finance advisory; verify ongoing engagement need post-acquisition and renegotiate if retained.
Amazon Web Services Llc,Engineering,"$106,399","Cloud infrastructure platform providing compute, storage, and managed services for product hosting.",Optimize,"Core cloud infrastructure; negotiate reserved instances, review unused resources, and leverage committed spend."
Telefonica Global Services Gmbh,Engineering,"$89,880",Global managed telecoms and network connectivity services provider for enterprise infrastructure.,Optimize,Managed telecom/network services; review overlap with other network vendors and renegotiate contract.
Hr Solution International Gmbh,G&A,"$80,823",European HR outsourcing and payroll administration services provider for international workforce.,Optimize,"European HR/payroll outsourcing; review scope, benchmark pricing, and assess consolidation with global HR platform."
4I Advisory Services,Professional Services,"$71,860",Technology and business advisory consulting firm providing strategic transformation services.,Terminate,Professional services consulting; likely project-based — terminate if engagement is complete or non-recurring.
Bisley Law Ltd,Legal,"$67,414",UK boutique law firm providing commercial legal advisory and contract services.,Optimize,"Legal advisory vendor; review engagement scope, hourly rates, and benchmark against panel firms."
Infosys,Engineering,"$66,570",Global IT services and software development outsourcing firm for technology delivery.,Optimize,"IT services outsourcing; review SOW deliverables, benchmark rates, and assess in-house capability overlap."
Big Frontier Pty Ltd (Cult Of Monday),Product,"$66,131",Australian product design and UX agency providing digital product design services.,Terminate,External UX/design agency; assess if product design can be handled by in-house team at this scale.
Harmonic Group Limited,Finance,"$65,418",UK finance and accounting outsourcing firm providing bookkeeping and CFO advisory services.,Consolidate,Finance outsourcing overlaps with BDO and Grant Thornton advisory; consolidate accounting services.
Wework Singapore Pte. Ltd.,Facilities,"$64,373",Singapore co-working and flexible office space provider for APAC team accommodation.,Optimize,"APAC co-working space; review headcount utilization, downsize if underused, and renegotiate terms."
Cloud Technology Solutions Ltd,Engineering,"$60,661",UK Google Cloud managed services and migration consultancy for cloud infrastructure.,Optimize,Google Cloud managed services; verify ongoing need post-migration and renegotiate or terminate if complete.
"Navan, Inc",G&A,"$57,929",US-entity corporate travel and expense management platform for employee business travel.,Consolidate,Duplicate travel platform with Navan (Tripactions); consolidate into single global contract entity.
Tmforum,Marketing,"$57,560","Telecom industry association providing standards membership, events, and thought leadership access.",Optimize,Industry association membership; review event attendance ROI and negotiate membership tier downgrade.
Linkedin Ireland Limited,Marketing,"$55,573",Professional social network platform for B2B digital advertising and talent recruitment.,Optimize,"B2B advertising and recruiting platform; review ad spend ROI, optimize campaigns, and audit seat licenses."
Kimble Applications Ltd,Professional Services,"$52,825",Professional services automation (PSA) software for resource management and project delivery tracking.,Optimize,"PSA software for professional services; review license count, utilization, and renegotiate renewal terms."
Sage Uk Limited,Finance,"$46,895",UK cloud accounting and financial management software for business reporting and payroll.,Consolidate,Overlaps with Planful in financial management; consolidate to single finance platform to reduce tool sprawl.
Grant Thornton,Finance,"$46,539","Global audit, tax, and advisory firm providing assurance and financial consulting services.",Consolidate,Overlaps with BDO in audit/tax/advisory; consolidate to one primary audit firm to reduce redundancy.
"SveuäIliå¡Te U Zagrebu, Studentski Centar",Facilities,"$44,299",Croatian university student center providing event and accommodation space in Zagreb,Optimize,Zagreb student center venue; renegotiate lease or consolidate with other local co-working space contracts.
Ss&C Intralinks Inc,M&A,"$39,966",Secure virtual data room platform for M&A due diligence and confidential document sharing.,Optimize,M&A virtual data room; essential for deal activity — review subscription tier and negotiate usage-based pricing.
Veniture D.O.O.,Professional Services,"$39,342",Croatian IT and business consulting services firm providing local professional project support.,Terminate,Croatian IT consulting; likely project-based engagement — terminate if deliverables are complete.
Accutrainee Limited,Legal,"$38,841",UK legal staffing firm providing qualified solicitor secondments and contract legal resource.,Optimize,Legal staffing for solicitor secondments; review ongoing need and benchmark day rates against alternatives.
Mason Frank International Ltd,G&A,"$38,148",UK specialist Salesforce and technology talent recruitment agency for contract and permanent roles.,Optimize,"Salesforce recruitment agency; review placement volume, negotiate fees, and assess internal recruiting capacity."
"Houlihan Lokey Advisors, Llc",M&A,"$37,461","Investment bank providing M&A advisory, valuation, and transaction execution services.",Optimize,M&A advisory bank; review active engagement scope and ensure fee structure aligns with deal milestones.
Vector Capital Management Lp,M&A,"$32,427",Private equity firm providing acquisition financing and strategic investment advisory services.,Optimize,PE/investment advisory tied to ownership; review ongoing management fee obligations and contract terms.
Hubspot Ireland Limited,Marketing,"$32,187","Inbound marketing, CRM, and marketing automation platform for demand generation campaigns.",Optimize,Marketing automation platform; review overlap with Salesforce CRM capabilities and right-size license tier.
Nefron - Obrt Za Poslovne Usluge,G&A,"$30,614",Croatian small business services firm providing local administrative and back-office support.,Optimize,Croatian back-office support; low spend but review necessity and benchmark against shared services model.
"Planful, Inc.",Finance,"$27,741",Cloud financial planning and analysis (FP&A) platform for budgeting and forecasting workflows.,Optimize,FP&A platform; strategically valuable for budgeting — review license count and negotiate renewal pricing.
Cognism Limited,Sales,"$27,013",B2B sales intelligence and contact data platform for outbound prospecting and lead generation.,Optimize,"Sales intelligence tool; review usage adoption, lead conversion ROI, and negotiate seat-based pricing."
Uberflip,Marketing,"$26,091",Content experience platform for personalising and distributing marketing content to target audiences.,Terminate,Content experience platform; niche capability likely duplicated by HubSpot or CMS — terminate to reduce sprawl.
Agram Life Osiguranje D.O.O.,G&A,"$24,952",Croatian life insurance provider offering group employee life and accident insurance benefits.,Optimize,Croatian employee life insurance; compliance-necessary benefit — benchmark premiums for cost savings.
Google Ireland Limited,Marketing,"$24,798",Digital advertising platform providing paid search and display campaign services via Google Ads.,Optimize,"Google Ads digital advertising; review campaign ROI, optimize spend allocation, and set budget caps."
Zuric I Partneri Odvjetnicko Drustvo D.O.O.,Legal,"$24,135",Croatian law firm providing local commercial legal advisory and compliance services.,Optimize,Croatian local legal counsel; necessary for compliance — review hourly rates and engagement scope.
Care Health Insurance Company Limited,G&A,"$24,045",India-based group health insurance provider for employee medical benefits coverage.,Optimize,India employee health insurance; compliance-required benefit — benchmark premiums and review plan design.
New Star Networks(Nsn),Engineering,"$23,887",Telecom and network services provider supplying connectivity and managed network infrastructure.,Consolidate,Overlaps with Telefonica and Cloudcrossing in network/connectivity; consolidate network vendors.
Bupa- Supplier,G&A,"$22,800",UK private medical insurance provider offering group employee healthcare benefit plans.,Optimize,UK private medical insurance; employee benefit requirement — benchmark premiums and review plan tiers.
Shree Info System Solutions Pvt Ltd,Engineering,"$22,275",India-based IT infrastructure and system integration services provider for technology operations.,Optimize,India IT infrastructure services; review scope overlap with Infosys and benchmark rates for savings.
Technet It Recruitment,Engineering,"$21,952",UK specialist IT and technology recruitment agency for contract and permanent engineering roles.,Terminate,IT recruitment agency; consolidate recruiting needs through internal TA team or primary staffing vendor.
Mightyhive Ltd,Marketing,"$19,042",Programmatic media buying and digital marketing agency providing paid media management services.,Terminate,Programmatic media agency; low spend and overlaps with Google Ads and LinkedIn — consolidate media buying.
Cedar Recruitment Ltd,Finance,"$18,537",UK finance and accounting specialist recruitment agency for interim and permanent finance roles.,Terminate,Finance recruitment agency at $18K; consolidate recruiting through internal TA or primary staffing partner.
Eurofast International Ltd-Greec,G&A,"$18,164","Greece-based regional outsourcing firm providing payroll, tax, and compliance services.",Optimize,Regional payroll/tax/compliance provider is necessary for Greek operations; review scope and renegotiate terms.
Hrvatski Telekom D.D.,Engineering,"$18,084",Croatian national telecoms operator providing internet connectivity and fixed-line network services.,Optimize,Core internet connectivity for Croatian operations; benchmark pricing and review bandwidth needs.
Sodexo Svc India Private Limited,Facilities,"$17,810",India-based facilities management and employee meal voucher benefits services provider.,Optimize,Active facilities/meal benefits provider for India staff; review contract terms and utilization rates.
Peakon Aps,G&A,"$17,108",Employee engagement and continuous feedback survey platform for workforce sentiment measurement.,Consolidate,Overlaps with PerformancePro in employee feedback/HR space; consolidate to one people analytics platform.
Plus Your Business Ltd,Marketing,"$17,074",Digital marketing consultancy providing Google Business and online presence optimisation services.,Terminate,Low-spend niche digital marketing consultancy; capability can be handled by internal marketing team.
Benefit Systems D.O.O.,G&A,"$16,900","Croatian employee benefits platform providing gym, wellness, and lifestyle perks to staff.",Optimize,Employee wellness benefits for Croatian staff; review utilization and negotiate volume discounts.
Smart Group Services D.O.O.,Facilities,"$16,438",Croatian facilities and office support services provider for local workplace operations.,Consolidate,One of multiple Croatian facilities vendors; consolidate with other local facilities providers.
Jones Lang Lasalle (Nsw) Pty Ltd,Facilities,"$16,274",Australian commercial real estate and property management firm for office leasing advisory.,Consolidate,Overlaps with CBRE in commercial real estate advisory; consolidate to one global RE partner.
"Workato, Inc.",Engineering,"$16,101",Enterprise integration and workflow automation platform for connecting SaaS apps and business processes.,Optimize,Unique integration/automation platform with no clear duplicate; review usage and right-size tier.
Konzum Plus D.O.O.,Facilities,"$15,684",Croatian retail and employee meal/subsidy benefits provider for staff workplace perks.,Consolidate,Croatian meal/subsidy benefits overlaps with Sodexo-type services and other local facilities vendors.
Westbrook Advisers,Finance,"$15,360",Financial advisory and consulting services for corporate finance and investment decisions.,Optimize,Financial advisory services; verify ongoing engagement value and renegotiate or rebid if needed.
Work Easy Space Solutions Private Limited,Facilities,"$14,913",Indian co-working and managed office space solutions provider.,Optimize,Co-working/managed office in India; review occupancy needs and benchmark against alternatives.
"Taxstudio, Ltd.",Finance,"$14,642","UK-based tax compliance, planning, and advisory services firm.",Optimize,UK tax compliance/advisory is necessary; review scope overlap with Collards and consolidate if possible.
Pingo D.O.O.,Facilities,"$14,508",Croatian facilities or office services vendor supporting local operations.,Consolidate,One of many Croatian facilities vendors; consolidate into a single local facilities provider.
Magazin Raunalni Sistemi D.O.O.,Engineering,"$13,870",Croatian IT hardware and computer systems supply and support provider.,Optimize,Croatian IT hardware supplier for local office; review purchasing frequency and negotiate pricing.
Tp Prime D.O.O.,Professional Services,"$13,785",Croatian business consulting and professional services firm.,Terminate,Low-spend Croatian consulting firm; likely project-based — terminate if engagement is complete.
Granttree Limited,Finance,"$13,659",UK R&D tax credit and government grant funding consultancy.,Optimize,R&D tax credit recovery drives direct ROI; ensure fee structure is competitive and results-based.
Cigna Sg,G&A,"$13,249",Singapore-based employee group health insurance and benefits provider.,Optimize,Employee health insurance in Singapore is a required benefit; benchmark premiums at next renewal.
Collards Chartered Accountants,Finance,"$12,879","UK chartered accounting firm providing audit, tax, and bookkeeping services.",Optimize,UK accounting/audit services needed for compliance; review overlap with Taxstudio and consolidate scope.
Bupa Australia,G&A,"$12,463",Australian employee private health insurance and wellness benefits provider.,Optimize,Australian employee health insurance is a key benefit; benchmark premiums at next renewal cycle.
4I Management Consulting Private Limited,Professional Services,"$12,117",Indian management consulting firm providing strategic and operational advisory.,Terminate,Low-spend Indian management consulting; likely project-based — terminate if engagement is complete.
"Grad Zagreb, Gradski Ured Za Prostorno Ureä‘Enje,..",Facilities,"$11,637",City of Zagreb municipal office overseeing property permits and spatial planning,Optimize,"Mandatory city planning office fees; non-terminable regulatory obligation, monitor for billing accuracy."
Bijeli Pijesak Obrt Za Poslovno Savjetovanje,Professional Services,"$11,605",Croatian sole-trader business consulting and advisory services firm.,Terminate,Low-spend Croatian sole-trader consultant; likely project-based — terminate if engagement is complete.
Ramiro D.O.O.,Facilities,"$11,516",Croatian vendor providing facilities maintenance or office support services.,Consolidate,One of many Croatian facilities/maintenance vendors; consolidate into a single local provider.
Visalogic Limited,Legal,"$11,241",UK immigration and work visa processing services for employee relocation.,Optimize,Immigration/visa services support employee mobility; review case volume and negotiate per-case fees.
Poles Ltd - Hanbury Manor,Facilities,"$10,488",UK hotel and event venue used for corporate meetings and offsites.,Terminate,Event venue for offsites; low strategic value as a recurring vendor — book ad hoc as needed.
Shoff Darby Companies,G&A,"$10,100",US-based commercial insurance brokerage and risk management services.,Optimize,Insurance brokerage and risk management is compliance-critical; benchmark fees at next renewal.
Emerge Development Consultancy Ltd,Professional Services,"$10,046",UK development consultancy providing project and change management services.,Terminate,Low-spend UK project/change consultancy; likely project-based — terminate if engagement is complete.
Performancepro,G&A,"$10,018",Employee performance management and appraisal software platform.,Consolidate,Overlaps with Peakon in HR/people management space; consolidate to one platform.
Microsoft Ireland Operations Limited,SaaS,"$9,822",Microsoft cloud productivity suite (M365/Azure) licensed via Irish entity.,Optimize,Critical M365/Azure platform; verify this isn't a duplicate of a main Microsoft contract entity.
Catering Muring,Facilities,"$9,603",Croatian catering and food service provider for office or events.,Consolidate,Croatian catering overlaps with other local food/facilities vendors; consolidate providers.
Omonia D.O.O.,Facilities,"$9,559",Croatian facilities or office support services vendor.,Consolidate,One of many Croatian facilities vendors; consolidate into a single local facilities provider.
Outreach Corporation,Sales,"$9,206",AI-powered sales engagement and sequencing platform for outbound sales teams.,Optimize,Sales engagement platform with strategic value; review seat count and usage to right-size spend.
Cbre Limited,Facilities,"$8,395",Global commercial real estate advisory and property management firm.,Consolidate,Overlaps with JLL in commercial real estate advisory; consolidate to one global RE partner.
Studentski Centar - Split,Facilities,"$8,269",Croatian student centre providing subsidised catering and facility services.,Optimize,"Subsidised catering for Croatian Split office; low spend, verify ongoing need and utilization."
The Guardian,Marketing,"$8,070",UK digital and print media outlet used for brand advertising and recruitment.,Terminate,Low-spend media advertising; evaluate ROI — terminate if no measurable recruitment or brand impact.
Intertrust Singapore Corporate Services Pte Ltd - Csc,Legal,"$7,360","Singapore corporate secretarial, entity management, and compliance services.",Optimize,Corporate secretarial/compliance for SG entity is legally required; benchmark fees against peers.
Goto Technologies Uk Limited,SaaS,"$7,316","Cloud-based remote access, video conferencing, and IT management SaaS platform.",Consolidate,Video conferencing/remote access likely overlaps with Microsoft Teams/Zoom; consolidate platforms.
Hrsolution International Ag,G&A,"$6,987",Swiss HR consulting firm providing international human resources advisory services.,Terminate,Low-spend Swiss HR consultancy; overlaps with Mercer and internal HR capabilities.
Trello,Product,"$6,674",Cloud-based Kanban project and task management collaboration tool.,Consolidate,"Task management tool likely overlaps with existing project management platforms (Jira, Asana, etc.)."
Obrt Sjaj Sunca,Facilities,"$6,596",Croatian sole-trader providing cleaning or facilities maintenance services.,Consolidate,Croatian cleaning/facilities vendor; consolidate with other local facilities providers.
Telefã³Nica Compras Electrã³Nicas S.L.,Engineering,"$6,157",Spanish Telefónica entity providing telecom and connectivity services.,Optimize,Telecom connectivity for Spanish operations; benchmark pricing and review bandwidth needs.
Allianz Australia Workers' Compensation (Victoria) Limited,G&A,"$6,099",Australian workers' compensation insurance provider for Victorian employees.,Optimize,Workers' comp insurance is legally mandated in Victoria; benchmark premium at next renewal.
Icici Lombard Gic Ltd,G&A,"$5,972",Indian general insurance provider offering employee and corporate insurance cover.,Optimize,Indian employee/corporate insurance is a required benefit; benchmark premiums at renewal.
Mosaic Concept D.O.O.,Facilities,"$5,731",Croatian interior design or office fit-out and concept services firm.,Terminate,Office fit-out/interior design is likely a one-time project; terminate if engagement is complete.
Limes Plus D.O.O.,Facilities,"$5,624",Croatian facilities or office supply and support services vendor.,Consolidate,One of many Croatian facilities/office supply vendors; consolidate into a single local provider.
Mercer Limited,G&A,"$5,444",Global HR consulting firm providing compensation benchmarking and benefits advisory.,Optimize,Global compensation benchmarking is strategically valuable; review scope and renegotiate fees.
Acclime Corporate Services,Legal,"$5,413","Asia-Pacific corporate secretarial, compliance, and entity formation services.",Optimize,APAC corporate secretarial/compliance is legally necessary; benchmark fees against alternatives.
Green Commute Initiative,G&A,"$5,402",UK cycle-to-work salary sacrifice scheme administrator for employee benefits.,Optimize,UK cycle-to-work scheme is a low-cost employee benefit with tax advantages; maintain and review fees.
Tattu Manchester Limited,Facilities,"$5,366",UK upscale restaurant used for corporate client entertainment and team events.,Terminate,Restaurant for client entertainment; not a strategic vendor — use corporate card ad hoc instead.
Athlete Service Ltd,G&A,"$5,285",Employee wellness and corporate sports/fitness programme services provider.,Consolidate,"Overlaps with Gym4You, Calm Achiever, and Elemental Life as employee wellness providers; consolidate to one."
Amazon Web Services Inc.,Engineering,"$5,153","US cloud infrastructure platform providing compute, storage, and managed services.",Optimize,Core cloud infrastructure provider; unusually low spend suggests a secondary account—review and optimize usage.
Telemach Hrvatska D.O.O.,Engineering,"$5,134",Croatian telecom operator providing internet and mobile connectivity services.,Optimize,Essential local telecom connectivity for Croatian offices; optimize plan and negotiate rates.
"Acclime Usa, Inc",Legal,"$4,995",US entity of Acclime providing corporate compliance and secretarial services.,Optimize,Compliance and corporate secretarial services are necessary for legal entity maintenance; optimize scope.
Centar Za Sigurnost D.O.O.,Facilities,"$4,991",Croatian security services company providing physical premises security.,Optimize,Physical premises security is essential for Croatian office facilities; negotiate contract terms.
Profi Bar D.O.O.,Facilities,"$4,917",Croatian catering or office refreshment and bar services provider.,Consolidate,Overlaps with Zivi Napitak as office refreshment supplier in Croatia; consolidate to one vendor.
Pricewaterhousecoopers Llp,Finance,"$4,879","Global Big Four firm providing audit, tax, and financial advisory services.",Optimize,Big Four audit/tax firm is critical for compliance; low spend—verify scope and optimize engagement.
Pinnacle Partnership Ca,Finance,"$4,836",Canadian accounting and financial advisory partnership firm.,Consolidate,Overlaps with PwC and Crowe Horwath for accounting/advisory; consolidate to fewer finance advisors.
The Virtual Legal Counsel Ltd,Legal,"$4,800",UK outsourced virtual general counsel providing on-demand legal advisory services.,Terminate,Under $5K; overlaps with multiple other legal vendors across regions—consolidate legal counsel.
Australian Payroll Professionals Pty Ltd,Finance,"$4,399",Australian payroll processing and compliance outsourcing services provider.,Optimize,Necessary for Australian payroll compliance; optimize contract terms and verify headcount alignment.
Inter Continental Chennai Mahabalipuram Resort,Facilities,"$4,393",Indian luxury resort used for corporate retreats and team off-site events.,Terminate,Under $5K one-time resort spend for offsites; overlaps with Puducherry resort—no ongoing need.
Jetbrains S.R.O.,Engineering,"$4,083","Czech vendor providing IDE and developer productivity software tools (e.g., IntelliJ).",Optimize,Essential developer IDE tooling (IntelliJ); review seat count and ensure license utilization.
Crowe Horwath Revizija D.O.O.,Finance,"$4,062","Croatian Crowe affiliate providing audit, tax, and accounting advisory services.",Consolidate,Overlaps with PwC for audit/tax services; consolidate audit engagements to one firm where possible.
Puducherry Backwater Resort Private Limited,Facilities,"$4,056",Indian resort venue used for corporate off-site meetings and team events.,Terminate,Under $5K one-time resort spend for offsites; overlaps with InterContinental—no ongoing need.
Orionw Llc,Engineering,"$4,025",US technology services firm providing software development or IT solutions.,Terminate,Under $5K niche IT services firm with unclear ongoing value; likely a completed engagement.
Adobe Systems Software,Marketing,"$3,929",Creative Cloud and digital experience SaaS suite for design and marketing content.,Optimize,Essential creative and marketing SaaS suite; review license count and tier for cost savings.
"Common Desk, Llc",Facilities,"$3,842",US co-working and flexible office space provider for distributed teams.,Terminate,Under $5K co-working space; review if location is still actively used or can be eliminated.
Hep Elektra D.O.O.,Facilities,"$3,735",Croatian national electricity utility supplying power to office locations.,Optimize,Essential electricity utility for Croatian offices; non-discretionary—monitor usage efficiency.
Zivi Napitak D.O.O.,Facilities,"$3,700",Croatian beverage and refreshment supplier for office consumption.,Consolidate,Overlaps with Profi Bar as Croatian office refreshment supplier; consolidate to one vendor.
Gym4You D.O.O.,G&A,"$3,692",Croatian gym membership provider supporting employee health and wellness benefits.,Consolidate,Overlaps with Athlete Service and other wellness vendors; consolidate employee wellness benefits.
Aha! Labs Inc,Product,"$3,689",Cloud-based product roadmap and strategy planning software platform.,Optimize,Product roadmap tool serves a unique function for Product team; review seat utilization and tier.
Apple Retail Uk Ltd,Engineering,"$3,548",Apple hardware devices and accessories purchased via UK retail stores.,Terminate,Under $5K ad-hoc hardware purchase via retail; route through IT procurement for better pricing.
"Kryterion, Inc.",Professional Services,"$3,541",Online proctoring and certification exam delivery platform for credentialing programs.,Terminate,Under $5K certification proctoring platform; verify if credentialing program is still active.
Npm Inc,Engineering,"$3,535",JavaScript package registry and dependency management tooling for software development.,Optimize,Essential JS package registry for engineering; verify if paid tier is needed vs free offering.
Pinsent Masons Mpillay Llp,Legal,"$4,078",International law firm providing corporate and commercial legal services in Asia-Pacific.,Optimize,APAC legal counsel needed for regional operations; review engagement scope and hourly rates.
Calm Achiever(A Unit Of Mohsin Ali Vakil),G&A,"$4,071",Employee wellness and personal development coaching services provider in India.,Consolidate,"Overlaps with Elemental Life, Athlete Service, and Gym4You as wellness provider; consolidate."
Pluxee India Private Limited,G&A,"$3,994",Employee benefits and meal voucher administration platform operating in India.,Optimize,Employee meal voucher/benefits platform required for India workforce; optimize plan and fees.
Oâ€™Donnell Salzano Lawyers,Legal,"$3,955",Australian law firm providing corporate and employment legal advisory services.,Optimize,Australian legal counsel needed for local employment/corporate matters; review engagement scope.
Papertrail Inc,Engineering,"$3,900",Cloud-based log management and aggregation SaaS platform for application monitoring.,Optimize,Log management SaaS for engineering; review usage vs plan tier and consider consolidation with observability stack.
Sniper Systems And Solutions Private Limited,Engineering,"$3,899",IT infrastructure and systems integration services provider based in India.,Terminate,Under $5K Indian IT services provider; likely a completed or low-value engagement—terminate.
Trocadero (London) Hotel Ltd,G&A,"$3,868",London hotel providing accommodation for business travel and corporate events.,Terminate,Under $5K hotel spend; use corporate travel platform for bookings instead of direct vendor.
Semrush Inc,Marketing,"$3,730","SEO, content marketing, and competitive intelligence SaaS platform for digital marketers.",Optimize,Strategic SEO and competitive intelligence tool for marketing; review seat count and plan tier.
Golubica Parking D.O.O.,Facilities,"$3,726",Parking facility and management services provider in Croatia.,Consolidate,Overlaps with Garaza Firule as Croatian parking provider; consolidate to one parking vendor.
Vodafone (Australian),G&A,"$3,672",Australian mobile and telecommunications network services provider for business users.,Optimize,Telecom connectivity needed for Australian operations; negotiate corporate rates and review plans.
Ikea Hrvatska D.O.O.,Facilities,"$3,610",Office furniture and workplace fitout supplies purchased via IKEA Croatia.,Terminate,Under $5K ad-hoc furniture purchases; likely one-time fitout with no ongoing need.
Orcola D.O.O.,Engineering,"$3,545",IT consulting and Oracle technology solutions provider based in Croatia.,Terminate,Under $5K Oracle consulting in Croatia; verify if engagement is complete and terminate.
Info Edge India Limited,G&A,"$3,536",Indian online recruitment and job posting platform (Naukri.com) for talent acquisition.,Optimize,Naukri.com recruitment platform needed for India hiring; review job posting volume and plan.
Grad Split,Facilities,"$3,483","Municipal government of Split, Croatia, for local business permits and fees.",Optimize,Municipal permits and fees are non-discretionary for Croatian office operations; monitor only.
T-Mobile,G&A,"$3,357",US mobile carrier providing corporate wireless voice and data services.,Terminate,Under $5K US mobile spend; consolidate into primary corporate wireless contract for better rates.
Akton D.O.O.,Facilities,"$3,254",Facilities maintenance and building services provider operating in Croatia.,Optimize,Facilities maintenance for Croatian office is operationally necessary; negotiate service contract.
Bureau Veritas Croatia D.O.O.,Facilities,"$3,200","Inspection, testing, and certification services for facilities compliance in Croatia.",Optimize,Inspection and compliance certification required for facilities; non-discretionary—optimize scope.
Cici Prudential Life Insurance Co. Ltd.,G&A,"$3,195",Group life and health insurance coverage provider for employees in India.,Optimize,Employee insurance coverage in India is a compliance requirement; review policy terms and premiums.
Ncc Services Limited,Legal,"$3,036",Software escrow and technology assurance services provider for contract compliance.,Terminate,Under $5K software escrow service; verify if escrow agreements are still contractually required.
Smartsheet Inc.,G&A,"$2,995",Cloud-based collaborative work management and project tracking SaaS platform.,Terminate,Under $5K project management tool; likely redundant with other work management platforms in use.
Good Game Global D.O.O.,Marketing,"$2,954",Digital marketing and creative agency providing campaign services in Croatia.,Terminate,Under $5K Croatian marketing agency; low spend suggests minimal strategic value—terminate.
Garaå¾A Firule D.O.O.,Facilities,"$2,930","Parking garage and vehicle storage facility services provider in Split, Croatia.",Consolidate,Overlaps with Golubica Parking as Croatian parking provider; consolidate to one vendor.
Crossland,Facilities,"$2,924",Commercial real estate or office relocation services provider.,Terminate,Under $5K real estate/relocation service; likely a completed one-time engagement.
It London,Engineering,"$2,838",IT support and managed technology services provider based in London.,Terminate,Under $5K London IT support; low spend suggests ad-hoc use—handle via primary IT provider.
Terrapinn Holdings Ltd,Marketing,"$2,838",B2B conference and trade event organizer operating across global tech industries.,Terminate,Under $5K conference/event organizer; low spend indicates minimal event participation—terminate.
Elemental Life Solutions Llp,G&A,"$2,807",Employee wellness and holistic health program services provider in India.,Consolidate,"Overlaps with Calm Achiever, Athlete Service, and Gym4You as wellness provider; consolidate."
United Flow Ltd (The Goodness Project),G&A,"$2,744",Corporate wellbeing and mindfulness program provider for employee engagement.,Terminate,Sub-$5K wellbeing program with low strategic value; can be handled via existing HR/benefits programs.
Mcburneys Charted Accountants,Finance,"$2,711","Chartered accounting firm providing audit, tax, and financial advisory services.",Optimize,Audit/tax/compliance vendor — rarely terminable; review scope and ensure no overlap with other accounting firms.
Cleverland Winery Resort,G&A,"$2,663",Winery resort venue used for corporate events and team off-site meetings.,Terminate,Sub-$5K event venue spend; one-time or infrequent use with no ongoing strategic value.
Ag Grid Ltd,Engineering,"$2,653",High-performance JavaScript data grid library for enterprise web application development.,Terminate,Sub-$5K niche JS grid library; evaluate if open-source version suffices or if license is still needed.
Lusha,Sales,"$2,606",B2B contact data and sales intelligence platform for prospecting and lead enrichment.,Consolidate,Sub-$5K sales intelligence tool; likely overlaps with primary sales prospecting/CRM enrichment platform.
My Foodiverse Llp,Facilities,"$2,489",Corporate catering and employee meal services provider in India.,Consolidate,Sub-$5K catering vendor in India; overlaps with other corporate catering providers — consolidate spend.
4Imprint Direct Ltd,Marketing,"$2,436",Branded promotional merchandise and corporate giveaway products supplier in the UK.,Consolidate,Sub-$5K branded merchandise supplier; overlaps with Pink Ribbon Shop — consolidate to one vendor.
City Pantry Ltd,Facilities,"$2,419",Corporate office food delivery and catering platform operating in London.,Consolidate,Sub-$5K London catering platform; overlaps with other catering/facilities food vendors — consolidate.
Stipe Piric,Facilities,"$2,302",Individual contractor providing facilities or maintenance services in Croatia.,Terminate,Sub-$5K individual facilities contractor in Croatia; likely one-time or low-impact engagement.
Office Move London,Facilities,"$2,293",Commercial office relocation and moving services provider in London.,Terminate,Sub-$5K office relocation service; likely a one-time project engagement with no ongoing value.
Pink Ribbon Shop,Marketing,"$2,251",Branded merchandise supplier supporting corporate charity and awareness campaigns.,Consolidate,Sub-$5K branded merchandise supplier; overlaps with 4Imprint — consolidate to one merch vendor.
Starhub Ltd (Supplier),G&A,"$2,205",Singapore telecommunications carrier providing mobile and broadband business services.,Optimize,Singapore telecom provider for business connectivity; strategically needed for local operations — optimize plan.
N S Shastri And Co,Finance,"$2,194","Indian chartered accountancy firm providing tax, audit, and compliance services.",Optimize,Indian chartered accountancy firm for tax/audit compliance; legally necessary — optimize scope and fees.
John Smith,Professional Services,"$2,163",Individual contractor providing professional consulting or advisory services.,Terminate,Sub-$5K individual consultant; likely a completed one-time engagement with no ongoing need.
Fabiola Thistlewhaite,Professional Services,"$2,154",Independent individual contractor engaged for specialist project-based professional services delivery.,Terminate,Sub-$5K individual contractor; likely a completed project-based engagement with no ongoing value.
Hp Inc Uk Limited,Engineering,"$2,136","Hardware vendor supplying laptops, printers, and IT equipment in the United Kingdom.",Consolidate,Sub-$5K UK hardware spend; consolidate device procurement with primary IT hardware vendor globally.
Cision Pr Newswire,Marketing,"$2,110",Press release distribution and PR media outreach platform for earned media campaigns.,Terminate,Sub-$5K PR distribution spend; low volume suggests minimal use — evaluate if still actively needed.
George Anchor,Professional Services,"$2,107",Individual contractor providing professional consulting or specialist advisory services.,Terminate,Sub-$5K individual consultant; likely a completed one-time engagement with no ongoing need.
"Yoxel, Inc",Engineering,"$2,044",Google Workspace and CRM data sync integration tool for enterprise productivity workflows.,Terminate,Sub-$5K niche sync tool; likely replaceable by native CRM/Google Workspace integrations.
Grt Hotels And Resorts P Ltd,G&A,"$2,032",Indian hotel chain providing accommodation for business travel and corporate events.,Consolidate,Sub-$5K Indian hotel spend; overlaps with Radisson GRT — consolidate corporate travel to one chain.
Apple Pty Ltd,Engineering,"$2,031",Apple hardware devices and software purchased via Australian corporate channel.,Consolidate,Sub-$5K Apple hardware via Australia; consolidate with Apple Distribution International for volume pricing.
Slack Technologies Limited,Engineering,"$1,989",Cloud-based team messaging and collaboration SaaS platform for internal communications.,Optimize,Core team collaboration platform; low spend suggests partial use — optimize seats or consolidate licensing.
G S Notary Public Limited,Legal,"$1,935",Notary public services provider for document authentication and legal certification.,Optimize,Legal notary services needed for document authentication; low spend — optimize as-needed usage.
Apple Distribution International Ltd,Engineering,"$1,913",Apple hardware and software distribution for corporate device procurement internationally.,Consolidate,Sub-$5K Apple hardware internationally; consolidate with Apple Pty Ltd into single procurement channel.
Porezno Savjetniå¡Tvo Tuk D.O.O.,Finance,"$1,813",Croatian tax advisory and financial consulting firm for local regulatory compliance.,Optimize,Croatian tax advisory for local regulatory compliance; legally necessary — optimize engagement scope.
Susan Lee,Professional Services,"$1,762",Individual contractor providing professional consulting or specialist advisory services.,Terminate,Sub-$5K individual consultant; likely a completed one-time engagement with no ongoing need.
Ansar Madovic,Professional Services,"$1,732",Individual contractor providing professional consulting or specialist advisory services.,Terminate,Sub-$5K individual consultant; likely a completed one-time engagement with no ongoing need.
"Radius Group, Inc",Facilities,"$1,723",Corporate real estate advisory and workplace strategy services provider in the US.,Terminate,Sub-$5K real estate advisory; likely a one-time workplace strategy engagement — no ongoing need.
Aquila Remete D.O.O.,Facilities,"$1,706",Facilities management or property services provider operating in Croatia.,Terminate,Sub-$5K Croatian facilities vendor; minimal spend suggests low-impact or one-time service.
Clime India Private Limited,G&A,"$1,678",Employee expense management and corporate spend platform operating in India.,Terminate,Sub-$5K expense management tool; likely redundant with primary corporate expense/spend platform.
"Golden Mean, Inc",Professional Services,"$1,659",Consulting and advisory services firm providing strategic or operational support.,Terminate,Sub-$5K consulting firm; likely a completed one-time advisory engagement with no ongoing value.
Paint & Fun Vl. Martina Milkova Nikolova,Facilities,"$1,654",Team-building and recreational art activity vendor for employee engagement events.,Terminate,Sub-$5K team-building art activity vendor; one-time event spend with no strategic value.
Carrington Communications,Marketing,"$1,654",PR and communications agency providing media relations and messaging services.,Terminate,Sub-$5K PR agency; minimal spend suggests limited engagement — consolidate with primary PR vendor.
Crayond Digital Private Limited,Engineering,"$1,646",India-based digital product design and software development agency.,Terminate,Sub-$5K dev agency; minimal spend suggests completed project — no ongoing strategic need.
Studentski Centar Karlovac,Facilities,"$1,549",Croatian student center providing canteen and accommodation facilities for staff or events.,Terminate,Sub-$5K Croatian student center; minimal spend with no clear ongoing strategic value.
Lajnap Comedy Booking D.O.O.,Facilities,"$1,536",Croatian entertainment booking agency arranging comedy and live event performances.,Terminate,Sub-$5K entertainment booking; one-time event expense with no ongoing business need.
British Telecommunications,Engineering,"$1,493","UK telecom provider supplying fixed-line, broadband, and network connectivity services.",Optimize,UK telecom/network connectivity provider; critical infrastructure for UK office — optimize plan and rates.
Etm Concessions Ltd,Facilities,"$1,419",Facilities concessions vendor providing on-site catering or vending machine services.,Terminate,Sub-$5K vending/catering concessions; minimal spend with no strategic value — handle internally.
Radisson Grt - Unit Of Hotels & Resorts Pvt Ltd,G&A,"$1,406",Radisson hotel property in India providing accommodation for business travel and events.,Consolidate,Sub-$5K Indian hotel spend; overlaps with GRT Hotels — consolidate corporate travel bookings.
Ariba Inc,Finance,"$1,363",SAP Ariba procurement and spend management SaaS platform for purchase-to-pay workflows.,Optimize,SAP Ariba procurement platform; strategically relevant for P2P workflows — optimize tier and licensing.
Chamiers Recreation Club,Facilities,"$1,338",India-based recreation club providing employee wellness and leisure facility access.,Terminate,Sub-$5K recreation club membership in India; low strategic value — can be discontinued.
Quadrant Law Llc,Legal,"$1,327",Law firm providing corporate legal advisory and transactional support services.,Optimize,Legal advisory firm; compliance and legal vendors are rarely terminable — optimize engagement scope.
Docusign,G&A,"$1,308",Cloud-based e-signature and digital agreement management SaaS platform.,Optimize,Core e-signature platform; strategically necessary — optimize license count and plan tier.
Inside Edge Novated Leasing,G&A,"$1,287",Australian novated vehicle leasing provider managing employee car lease salary packaging.,Optimize,Australian employee benefit (vehicle leasing); HR/benefits vendor — optimize terms if headcount warrants.
Rhea D.O.O.,Facilities,"$1,253","Croatian vendor providing office supplies, catering, or facilities support services.",Terminate,Sub-$5K Croatian office supplies/facilities vendor; minimal spend with no strategic importance.
P S Recreation Club,Facilities,"$1,219",India-based recreation club providing employee wellness and leisure facility memberships.,Terminate,Sub-$5K recreation club in India; overlaps with Chamiers — terminate both low-value memberships.
Fastspring,SaaS,"$1,179",E-commerce and subscription billing platform for SaaS software sales and payment processing.,Terminate,Sub-$5K billing platform; minimal spend suggests negligible usage — consolidate with primary billing.
Dsv Solutions A/S,Facilities,"$1,162",Global logistics and freight forwarding provider for supply chain and shipping services.,Terminate,Sub-$5K logistics/freight vendor; minimal spend suggests infrequent use — handle via primary provider.
Curzon Green Solicitors,Legal,"$1,158","UK law firm providing employment, corporate, or commercial legal advisory services.",Optimize,UK law firm for legal advisory; legal vendors rarely terminable — optimize engagement as needed.
Icare Nsw,G&A,"$1,150",New South Wales government workers compensation and insurance scheme provider.,Optimize,NSW government workers compensation scheme; legally mandatory insurance — optimize as required.
Thomas Mansfield Solicitors Limited,Legal,"$1,135",UK law firm specializing in employment law and workplace legal dispute resolution.,Terminate,Sub-$5K legal spend; likely one-off employment law engagement with no ongoing strategic need.
Amazon.Co.Uk,Facilities,"$1,107","UK Amazon marketplace for purchasing office supplies, hardware, and operational equipment.",Terminate,Sub-$5K spend on office supplies; can be consolidated into a primary procurement channel.
Backoffice Associates,Professional Services,"$1,080",Data migration and SAP data management consulting services provider.,Terminate,Sub-$5K spend on data migration consulting; likely a completed one-time engagement.
Oladi D.O.O.,Facilities,"$1,064","Croatian vendor providing catering, office supplies, or facilities support services.",Terminate,Sub-$5K Croatian facilities vendor; redundant with multiple similar local suppliers on this list.
Integrated Personnel Services,G&A,"$1,054",Staffing and temporary personnel placement agency providing workforce solutions.,Terminate,Sub-$5K staffing agency spend; negligible volume suggests no ongoing strategic need.
Mãœller Trgovina Zagreb D.O.O.,Facilities,"$1,051","Croatian retail chain supplying office, hygiene, and general-purpose workplace consumables.",Terminate,Sub-$5K retail supplies spend; consolidate purchases through a primary office supplies vendor.
Lunch Nutrition D.O.O.,Facilities,"$1,012",Croatian catering company providing employee lunch and nutrition meal services.,Consolidate,One of multiple Croatian catering vendors; consolidate into a single catering provider.
Winmaxi Tours & Travels,G&A,"$1,001",India-based travel agency managing employee business travel bookings and arrangements.,Terminate,Sub-$5K India travel agency; should be consolidated into primary corporate travel platform.
Digitalna Produkcija J.D.O.O.,Marketing,$993,Croatian digital production agency providing content creation and online media services.,Terminate,Sub-$5K Croatian digital production agency; minimal spend suggests one-off project.
Computershare-Caboodle Technology Limited,Finance,$981,Employee share plan administration and equity management technology platform.,Optimize,Equity/share plan administration is compliance-critical; review contract terms for cost efficiency.
Allianz Wa,G&A,$971,Allianz insurance provider in Western Australia supplying corporate insurance coverage.,Optimize,Insurance vendor is compliance-necessary; optimize by reviewing coverage and premium rates.
Trending Technology Services Gmbh,Engineering,$961,German-based IT services firm providing engineering infrastructure support and software solutions at low annual spend.,Terminate,Sub-$5K IT services spend; negligible engagement with no clear ongoing strategic value.
"Godaddy.Com, Llc",Engineering,$923,Domain registration and web hosting platform for managing company web properties.,Optimize,Domain registration is critical infrastructure; review domain portfolio and ensure competitive pricing.
Time Out Group,Marketing,$920,Global media and entertainment brand providing advertising and sponsorship opportunities.,Terminate,Sub-$5K advertising spend with a lifestyle media brand; low strategic marketing value.
Raiffeisenbank Austria D.D.,Finance,$920,Austrian banking group providing corporate banking and financial transaction services in Croatia.,Optimize,Corporate banking for Croatian operations is necessary; review fees and transaction costs.
Galop-Prijevoz D.O.O.,Facilities,$908,Croatian transportation and shuttle service provider for employee or logistics transport.,Terminate,Sub-$5K Croatian transport vendor; minimal spend suggests ad-hoc usage with no ongoing need.
Lane Ip Limited,Legal,$851,"UK intellectual property law firm managing patent, trademark, and IP portfolio services.",Optimize,IP law firm protecting patents/trademarks is strategically important; review engagement scope.
Urbani Eventi D.O.O.,Facilities,$851,Croatian event management company organizing corporate events and team activities.,Terminate,Sub-$5K Croatian event management spend; one-off corporate event with no recurring need.
Smashing Media Ag,Marketing,$850,Publisher of Smashing Magazine providing developer-focused advertising and sponsorship placements.,Terminate,Sub-$5K developer-focused advertising; minimal spend with unclear marketing ROI.
Epignosis Llc,G&A,$833,Learning management system (TalentLMS) provider for employee training and e-learning delivery.,Optimize,LMS platform supports employee training; verify it's the primary LMS or consolidate if redundant.
Croatia Airlines,G&A,$832,Croatian national airline providing domestic and international business travel flights.,Terminate,Sub-$5K airline spend; should be managed through primary corporate travel booking platform.
Bb Football Scouting J.D.O.O.,Facilities,$823,Croatian sports and employee engagement vendor providing football-related recreational activities.,Terminate,Sub-$5K recreational sports vendor; non-essential employee perk with negligible spend.
Boe Croatia D.O.O.,Facilities,$814,"Croatian vendor providing office equipment, supplies, or facilities management services.",Terminate,Sub-$5K Croatian office equipment vendor; redundant with other local facilities suppliers.
Potomac D.O.O.,Facilities,$806,Croatian facilities or office services vendor supplying operational support goods.,Terminate,Sub-$5K Croatian facilities vendor; vague purpose and negligible spend warrant termination.
"President Hotel And Tower Co., Ltd",G&A,$803,Hotel property providing accommodation and meeting venue services for business travel.,Terminate,Sub-$5K hotel spend; should be booked via primary corporate travel management platform.
Friends Sports Club,Facilities,$797,Sports club providing employee recreational and wellness activity memberships.,Terminate,Sub-$5K sports club membership; non-essential employee perk with minimal strategic value.
The Cycle Gap Adyar,Facilities,$765,India-based bicycle retailer supplying cycles for employee commute or wellness programs.,Terminate,Sub-$5K bicycle retailer; one-off or negligible wellness program spend with no ongoing need.
Apple - Amer,Engineering,$764,Apple Americas providing hardware devices such as MacBooks and iPhones for engineering staff.,Terminate,Sub-$5K Apple hardware spend; should be routed through primary IT procurement channel.
Klg - Kalra Legal Group,Legal,$681,India-based law firm providing corporate and commercial legal advisory services.,Consolidate,One of multiple India-based law firms; consolidate Indian legal work under a single firm.
Kilgannon & Partners Llp,Legal,$681,"UK law firm providing corporate, employment, or commercial legal advisory services.",Consolidate,One of multiple UK law firms; consolidate UK legal advisory under fewer firms.
Uk Postbox Limited,G&A,$670,UK virtual mailbox service providing registered address and mail handling for remote operations.,Terminate,Sub-$5K virtual mailbox; evaluate if still needed or can be handled by existing UK office.
Catering Iviä‡ D.O.O.,Facilities,$669,Croatian catering company providing employee meal and food service solutions.,Consolidate,One of multiple Croatian catering vendors; consolidate into a single catering provider.
Blink Events,Marketing,$664,Event production agency organizing corporate marketing events and brand experiences.,Terminate,Sub-$5K event production spend; likely a one-off engagement with no recurring need.
Grafo-Jan,Marketing,$662,Croatian graphic design and print services vendor for marketing collateral production.,Terminate,Sub-$5K print/design vendor; minimal spend suggests ad-hoc project with no ongoing need.
Mesa Verde,Facilities,$662,"Vendor providing office catering, hospitality, or facilities support services.",Consolidate,One of multiple Croatian catering/hospitality vendors; consolidate into single provider.
Pixsy Inc,Legal,$613,Image copyright monitoring and infringement enforcement platform for protecting visual content.,Optimize,Image copyright enforcement protects company IP; review if usage justifies continued subscription.
Dun & Bradstreet D.O.O.,Sales,$610,Business intelligence and commercial data provider for sales prospecting and credit risk assessment.,Terminate,Sub-$5K D&B spend; verify if duplicative with enterprise-level D&B contract elsewhere.
Induslaw,Legal,$596,"India-based full-service law firm providing corporate, M&A, and commercial legal services.",Consolidate,Second India-based law firm; consolidate Indian legal services under one preferred firm.
Trans-Agram Obrt Za Dostavu,Facilities,$581,Croatian delivery and courier service provider for office logistics and mail distribution.,Terminate,Sub-$5K Croatian courier service; negligible spend with no strategic ongoing need.
Landu Law Solicitors,Legal,$568,"UK law firm providing immigration, employment, or commercial legal advisory services.",Consolidate,One of multiple UK law firms; consolidate UK legal work to reduce vendor count.
Arena Center Zagreb D.O.O.,Facilities,$567,Zagreb venue/conference center used for corporate events and meetings.,Terminate,Sub-$5K venue spend; likely one-off event booking with no recurring need.
Obrt Za Ugostiteljstvo Mirakul,Facilities,$565,Croatian catering and hospitality service provider for corporate dining.,Consolidate,One of multiple Croatian catering vendors; consolidate into a single catering provider.
Oakberry Jr D.O.O.,Facilities,$535,Croatian food and beverage vendor used for employee or event catering.,Consolidate,One of multiple Croatian food/catering vendors; consolidate into single provider.
Tau On-Line D.O.O.,Engineering,$534,Croatian online technology services provider supporting IT or software operations.,Terminate,Sub-$5K Croatian IT vendor; negligible spend with unclear ongoing engineering value.
Magic Mountain Saloon,Facilities,$524,Bar/restaurant venue used for corporate team events or offsites.,Terminate,Sub-$5K bar/restaurant venue; one-off team event with no recurring operational need.
Hotel Zonar,Facilities,$523,Hotel accommodation provider used for employee or client business travel.,Terminate,Sub-$5K hotel spend; should be managed through primary corporate travel platform.
Roto Dinamic D.O.O.,Facilities,$512,Croatian facilities or mechanical services vendor supporting office operations.,Terminate,Sub-$5K Croatian facilities vendor; negligible spend with unclear ongoing value.
Tm Forum,Engineering,$510,"Telecom industry association providing standards, research, and membership services.",Optimize,Industry standards body membership may support product strategy; verify engineering team usage.
Marvie Hotel - Krupa D.O.O.,Facilities,$502,Croatian hotel accommodation provider for employee business travel and events.,Terminate,Sub-$5K hotel spend; should be booked via primary corporate travel management platform.
Merchandise Ltd,Marketing,$490,Branded merchandise supplier providing promotional goods and company swag.,Terminate,Sub-$5K branded swag supplier; minimal spend suggests ad-hoc order with no ongoing need.
Yellow Submarine D.O.O.,Facilities,$486,Croatian food and beverage venue used for corporate catering or team events.,Terminate,Sub-$500/yr catering venue with no strategic value; easily replaced or handled internally.
Streamlinereforms Inc,G&A,$483,Business process and operational reform consulting services provider.,Terminate,Sub-$500/yr consulting engagement; likely one-time or legacy with no ongoing strategic need.
Make And Grow Ltd,Marketing,$483,Marketing and growth services agency supporting digital or content campaigns.,Terminate,Sub-$500/yr marketing agency; negligible spend with no clear strategic impact at this scale.
Obiteljski Hoteli D.O.O.,Facilities,$474,Croatian family hotel group providing accommodation for employee business travel.,Terminate,"Sub-$500/yr hotel spend; minimal use, should be consolidated under a corporate travel program."
Rudan D.O.O.,Facilities,$473,Croatian services vendor providing facilities or operational support.,Terminate,Sub-$500/yr Croatian facilities vendor with vague scope and no strategic value.
Entrio Tehnologije D.O.O.,Engineering,$473,Croatian ticketing and event technology platform provider.,Terminate,"Sub-$500/yr event ticketing platform; negligible spend, not core engineering infrastructure."
Vivat Fina Vina D.O.O.,Facilities,$467,Croatian fine wine supplier used for corporate gifting or event hospitality.,Terminate,Sub-$500/yr wine supplier for gifting/events; non-essential discretionary spend.
"Figma, Inc.",Product,$460,Cloud-based collaborative UI/UX design tool for product and design teams.,Optimize,Critical UI/UX design tool for Product teams; low spend suggests undercount—verify seats and licensing.
E-Disti D.O.O.,Engineering,$458,Croatian e-distribution or digital services technology provider.,Terminate,Sub-$500/yr Croatian digital services vendor with unclear purpose; no strategic engineering value.
Greencell Express Private Limited,Facilities,$457,Indian ground transportation and express logistics service for employee travel.,Terminate,"Sub-$500/yr ground transport vendor; minimal use, consolidate under corporate travel program."
Edwardian Pastoria Hotels Ltd (The Londoner),Facilities,$433,London luxury hotel providing accommodation for employee or client business travel.,Terminate,"Sub-$500/yr hotel spend; negligible use, should route through corporate travel platform."
Tiganda J.D.O.O.,Facilities,$432,Croatian small business vendor providing local operational or catering support.,Terminate,Sub-$500/yr Croatian local vendor with no strategic value; easily eliminated.
"Franklin, Gringer & Cohen, P.C.",Legal,$427,U.S. law firm providing employment and corporate legal counsel services.,Optimize,Legal counsel vendor; low spend may indicate dormant engagement—verify need and retain if active.
Blitz - Cinestar D.O.O.,Facilities,$426,Croatian cinema and entertainment venue used for corporate team events.,Terminate,Sub-$500/yr entertainment venue for team events; non-essential discretionary spend.
Lancefield Bus Service,Facilities,$412,Ground transportation/bus service provider for employee shuttle or event transport.,Terminate,Sub-$500/yr bus service; minimal use with no ongoing strategic need.
Super Odrediå¡Te D.O.O.,Facilities,$378,Croatian destination or event venue provider for corporate offsites.,Terminate,Sub-$400/yr Croatian event venue; negligible spend with no strategic value.
Pmi Global Operations Center,G&A,$378,Project Management Institute providing PMI certifications and training programs.,Terminate,Sub-$400/yr PMI training spend; likely one-time certification cost with no ongoing need.
Student Packers & Movers,Facilities,$371,Moving and relocation services provider supporting employee or office relocations.,Terminate,Sub-$400/yr moving service; likely one-time engagement with no ongoing value.
Del Posto D.O.O.,Facilities,$364,Croatian restaurant or catering venue used for corporate dining and events.,Terminate,Sub-$400/yr Croatian restaurant venue; non-essential discretionary dining spend.
Inicijativa Centar Za Edukaciju,G&A,$358,Croatian education and training center providing professional development courses.,Terminate,"Sub-$400/yr training center; negligible spend, consolidate under primary L&D platform."
Niva Transport J.D.O.O.,Facilities,$358,Croatian ground transportation company providing employee or logistics transport.,Terminate,"Sub-$400/yr Croatian transport vendor; minimal use, no strategic value."
Doctor Anywhere Operations Pte Ltd,G&A,$347,Singapore-based telehealth platform providing employee virtual healthcare benefits.,Optimize,Telehealth employee benefit; low spend but compliance/benefits-related—verify utilization and need.
Spar Hrvatska D.O.O.,Facilities,$341,Croatian SPAR grocery retail chain used for office supplies and employee provisions.,Terminate,"Sub-$400/yr grocery purchases; negligible office supply spend, handle via petty cash."
Pepe'S Italian And Liquor,Facilities,$339,Restaurant and bar venue used for corporate team dining or entertainment.,Terminate,Sub-$400/yr restaurant venue; non-essential discretionary dining spend.
"Pluralsight, Llc",Engineering,$318,Online technology skills learning platform providing developer training and courses.,Terminate,Sub-$500/yr learning platform; likely minimal seats—consolidate under primary L&D tool.
Maniax Melbourne Cbd,Facilities,$315,Melbourne axe-throwing entertainment venue used for corporate team-building events.,Terminate,Sub-$500/yr team-building entertainment venue; non-essential discretionary spend.
Dnsimple,Engineering,$312,Cloud-based DNS management and domain registration platform for engineering teams.,Optimize,DNS management is core infra; low spend but verify if duplicative with primary DNS/domain provider.
Treci Posao D.O.O.,G&A,$307,Croatian recruitment or staffing services provider for talent acquisition.,Terminate,"Sub-$500/yr Croatian staffing vendor; negligible spend, consolidate under primary recruiting tools."
Gaucho Restaurants,Facilities,$302,Upscale Argentinian steakhouse chain used for corporate client dining and events.,Terminate,Sub-$500/yr restaurant venue; non-essential discretionary client dining spend.
Formswift,G&A,$301,Online document creation and e-signature platform for business form management.,Terminate,Sub-$500/yr doc/e-sign tool; redundant if company uses DocuSign or similar enterprise platform.
Safestore Ltd,Facilities,$287,UK self-storage facility provider used for corporate document or equipment storage.,Terminate,"Sub-$300/yr self-storage; negligible spend, verify if still needed or clear out contents."
Split Tech City,Engineering,$284,Croatian tech community organization supporting engineering talent and networking in Split.,Terminate,Sub-$300/yr community org; negligible spend with no critical engineering dependency.
National Securities Depository Limited(Nsdl),Finance,$281,Indian securities depository providing electronic holding and settlement of securities.,Optimize,Indian securities depository; compliance/regulatory requirement—retain and verify necessity.
Adamma Info Services Private Limited,G&A,$273,Indian information and administrative support services provider.,Terminate,Sub-$300/yr admin services vendor; negligible spend with no clear strategic value.
The Riding House Cafe,Facilities,$265,London restaurant and cafe venue used for corporate team dining or client entertainment.,Terminate,Sub-$300/yr restaurant venue; non-essential discretionary dining spend.
Stillmark Zagreb D.O.O.,Marketing,$263,Croatian PR and communications agency providing media and brand communications services.,Terminate,Sub-$300/yr Croatian PR agency; negligible spend with no meaningful marketing impact.
Lastpass Ireland Limited,Engineering,$263,Cloud-based enterprise password management and security vault platform.,Consolidate,Password manager; verify overlap with primary enterprise identity/password tool and consolidate.
Taste Of Health,Facilities,$259,Health-focused food and catering vendor providing employee wellness meal options.,Terminate,Sub-$300/yr wellness catering vendor; non-essential discretionary spend.
Infodata,Engineering,$241,Data services and information technology solutions provider.,Terminate,Sub-$300/yr data services vendor with vague scope; no clear strategic engineering value.
Amazon (Aus),Engineering,$233,Australian Amazon marketplace/AWS for cloud infrastructure and office supply procurement.,Optimize,Likely AWS or procurement; low spend but verify if part of broader Amazon/AWS relationship.
Regency Hampers Ltd,Marketing,$248,UK corporate gift hamper supplier providing branded gifts for clients and employees.,Terminate,Sub-$300/yr gift hamper supplier; non-essential discretionary marketing spend.
Bella Operation A/S,Facilities,$241,Danish conference and event venue operator for corporate meetings and events.,Terminate,Sub-$300/yr Danish event venue; negligible one-time spend with no ongoing need.
The Plant Man,Facilities,$235,Indoor plant supply and maintenance service for corporate office environments.,Terminate,Sub-$300/yr office plant service; non-essential discretionary facilities spend.
Media Promo Plus D.O.O.,Marketing,$226,Croatian media and promotional advertising agency providing marketing campaign services.,Terminate,Sub-$300/yr Croatian ad agency; negligible spend with no meaningful marketing impact.
Expert-Ing D.O.O.,Engineering,$225,Croatian engineering consulting and technical services provider.,Terminate,Sub-$300/yr Croatian engineering consulting; likely one-time engagement with no ongoing value.
Atlassian Pty Ltd,Engineering,$224,Project and issue tracking SaaS platform including Jira and Confluence for engineering teams.,Optimize,Critical Jira/Confluence platform for engineering; unusually low spend—verify full contract scope.
Djs For U,Facilities,$220,DJ and entertainment services provider for corporate events and team celebrations.,Terminate,Sub-$300/yr DJ entertainment vendor; non-essential discretionary event spend.
Freepik Company,Marketing,$203,Online stock image and graphic design asset platform for marketing creative production.,Terminate,Sub-$300/yr stock image platform; consolidate under primary creative asset subscription.
Nastavni Zavod Za Javno Zdravstvo Dr. Andrija Å Tampar,G&A,$199,Croatian public health institute providing occupational health and medical services.,Optimize,Occupational health institute; likely compliance-required for Croatian employees—retain and verify.
Rishi Events And Entainment,Facilities,$198,Event planning and entertainment services provider for corporate functions and offsites.,Terminate,Sub-$200/yr event vendor; non-essential discretionary spend with no strategic value.
Kosmaz Technologies Croatia,Engineering,$195,Croatian software development and IT technology services provider.,Terminate,Negligible $195/yr spend on IT services with no clear strategic value for a $1B company.
Dhl,Facilities,$191,Global parcel and express freight shipping and logistics service.,Consolidate,Duplicate shipping vendor alongside DHL Express (UK) and Parcelforce; consolidate to one logistics provider.
Hotel Laguna D.D.,G&A,$190,Croatian hotel providing accommodations for business travel and events.,Terminate,Minimal $190/yr hotel spend; one-time or negligible travel expense with no ongoing strategic value.
Bigshare Services Private Limited,Finance,$188,Indian registrar and share transfer agency providing equity management services.,Optimize,Registrar/share transfer agent is a compliance necessity; optimize but retain for equity management.
Zettanet,Engineering,$183,IT networking and connectivity infrastructure services provider.,Terminate,Negligible $183/yr spend on networking services; likely legacy or one-time engagement.
Hahn Air,G&A,$183,Airline ticketing and interline travel distribution services provider.,Terminate,Minimal $183/yr airline ticketing spend; should be handled through primary travel management platform.
Vitality Works,G&A,$182,Employee health and wellness program services provider.,Terminate,"At $182/yr, wellness program spend is too low to deliver meaningful value; terminate or absorb into HR."
Avoxi Inc,Support,$178,Cloud-based virtual phone number and call center telephony platform.,Terminate,Negligible $178/yr spend on cloud telephony; likely redundant with primary contact center platform.
Zapier Inc.,Engineering,$167,No-code workflow automation platform connecting cloud apps via triggers and actions.,Terminate,At $167/yr this is a trivial free-tier-level usage; consolidate automation into core engineering tools.
"Solarwinds, Inc",Engineering,$166,IT infrastructure monitoring and network management software platform.,Terminate,"At $166/yr, likely unused or redundant with primary monitoring tools; negligible spend, no strategic value."
Xenon Savjetovanje D.O.O.,Professional Services,$164,Croatian business consulting and advisory services firm.,Terminate,Minimal $164/yr consulting engagement; likely a completed one-time project with no ongoing need.
Floom Ltd,G&A,$162,Online floral delivery marketplace for corporate gifting and events.,Terminate,Trivial $162/yr floral delivery spend; can be handled ad-hoc without a vendor relationship.
Notino S.R.O.,G&A,$161,Online retailer of perfumes and beauty products for employee gifting.,Terminate,"Negligible $161/yr on beauty product gifting; not a strategic vendor, handle ad-hoc."
"Paint&Wine, Vl. Stevo Dosen",G&A,$159,Croatian paint-and-sip studio offering team-building entertainment events.,Terminate,Trivial $159/yr team-building event spend; book ad-hoc without maintaining a vendor record.
Parcelforce Worldwide,Facilities,$155,UK parcel courier and express delivery logistics service.,Consolidate,Duplicate UK parcel service alongside DHL Express UK; consolidate to single shipping provider.
Advena,Professional Services,$154,Small-scale professional services engagement for project-specific business operations support.,Terminate,Minimal $154/yr professional services spend; likely a completed one-time project engagement.
Hrvatski Nezavisnici Izvoznici Softvera,G&A,$154,Croatian independent software exporters industry association membership.,Terminate,Trivial $154/yr industry association membership; low strategic value at this spend level.
Monile J.D.O.O.,Marketing,$152,Croatian marketing or promotional services agency.,Consolidate,One of multiple small Croatian marketing agencies; consolidate into a single regional marketing vendor.
Puzzle Promotion J.D.O.O.,Marketing,$143,Croatian promotional marketing and event services agency.,Consolidate,Overlaps with other small Croatian marketing/promo agencies; consolidate to reduce vendor count.
ZagrebaäKi Holding D.O.O.,Facilities,$143,Zagreb city-owned utility and infrastructure holding company,Terminate,Minimal $143 annual spend with city utility holding company; assess if obligation still active and close if not.
Event Ors,Marketing,$143,Event planning and corporate event management services provider.,Terminate,Trivial $143/yr event planning spend; handle ad-hoc or consolidate into primary event vendor.
Sportkart D.O.O.,G&A,$141,Croatian go-kart venue providing team-building and entertainment activities.,Terminate,Negligible $141/yr team-building entertainment; book ad-hoc without a standing vendor relationship.
"Interaction Design Foundation, Inc",Product,$138,Online UX and interaction design education and certification platform.,Terminate,Trivial $138/yr on UX training; consolidate into company-wide L&D platform or reimburse ad-hoc.
(Blank),G&A,$137,Unidentified vendor with no name provided for classification.,Terminate,Unidentified vendor at $137/yr; no name or purpose to justify retention. Investigate and terminate.
Escape Art D.O.O.,G&A,$133,Croatian escape room venue offering team-building entertainment experiences.,Terminate,Trivial $133/yr escape room team-building spend; book ad-hoc without vendor record.
Fero-Term,Facilities,$131,"Croatian supplier of heating, plumbing, or facilities maintenance materials.",Terminate,Negligible $131/yr facilities materials spend; consolidate into primary facilities supplier.
Ustanova Za Zdravstvenu Skrb P.P.,G&A,$131,Croatian occupational healthcare institution providing employee medical services.,Optimize,Occupational healthcare is a regulatory/compliance requirement in Croatia; retain and optimize.
Vistaprint,Marketing,$130,Online print-on-demand platform for branded marketing materials and merchandise.,Terminate,Trivial $130/yr print spend; handle ad-hoc or consolidate into primary marketing materials vendor.
Teb Poslovno Savjetovanje D.O.O.,Finance,$129,Croatian financial and business advisory consulting services firm.,Terminate,"Minimal $129/yr Croatian financial advisory spend; likely one-time engagement, no ongoing need."
Illunis D.O.O.,Marketing,$128,Croatian creative or digital marketing agency providing design services.,Consolidate,Another small Croatian marketing agency; consolidate with other regional marketing vendors.
The Cook Kitchen,G&A,$123,Catering or food service provider for office meals and events.,Consolidate,One of multiple small catering vendors; consolidate with Kat's Kitchen/Soho Kitchen to one provider.
Australian Taxation Office (Ato),Finance,$123,Australian government tax authority collecting statutory tax obligations.,Optimize,"Statutory government tax obligation; non-terminable, ensure filings are accurate and timely."
Capitol Services,Legal,$120,US registered agent and corporate compliance filing services provider.,Optimize,Registered agent and compliance filing is a legal requirement; retain and optimize.
Bonus Opinio D.O.O.,Marketing,$120,Croatian market research and customer opinion survey services firm.,Terminate,Trivial $120/yr market research spend; insufficient scale to deliver meaningful insights.
Dhl Express (Uk) Ltd,Facilities,$119,UK express international parcel and freight shipping logistics service.,Consolidate,Overlaps with DHL global and Parcelforce; consolidate all UK/global shipping into one provider.
Kat'S Kitchen D.O.O.,G&A,$119,Croatian catering service providing office food and meal services.,Consolidate,One of multiple small catering vendors; consolidate into a single catering provider per office.
Soho Kitchen Ltd,G&A,$104,UK catering or food service provider for office and corporate events.,Consolidate,"Overlaps with other catering vendors (The Cook Kitchen, etc.); consolidate to one UK caterer."
Fortis Trade J.D.O.O.,Facilities,$95,Croatian trade and supply company providing office or facilities goods.,Terminate,Negligible $95/yr facilities supply spend; consolidate into primary office supplies vendor.
Till Trade D.O.O.,Facilities,$93,Croatian supplier of office or facilities equipment and materials.,Terminate,Trivial $93/yr facilities materials spend; consolidate into primary office supplies vendor.
Pret A Manger,G&A,$92,UK quick-service sandwich and coffee chain for employee meals and catering.,Terminate,"Negligible $92/yr food spend; ad-hoc expense, not a vendor relationship worth managing."
Axil Coffee Roasters,G&A,$89,Specialty coffee roaster supplying office coffee and beverages.,Terminate,Trivial $89/yr coffee spend; consolidate into primary office catering or pantry vendor.
Pepco Croatia D.O.O.,Facilities,$89,Croatian discount retail chain supplying low-cost office and facilities goods.,Terminate,Negligible $89/yr discount retail purchases; handle ad-hoc without vendor record.
Lemia D.O.O.,Facilities,$88,Croatian supplier of facilities or office maintenance goods and services.,Terminate,Trivial $88/yr facilities spend; consolidate into primary facilities maintenance vendor.
Retriever Llc,Marketing,$88,Media monitoring and press clipping intelligence services provider.,Terminate,"At $88/yr, media monitoring is negligible; consolidate into primary PR/comms tooling."
Meluba Limited,Professional Services,$88,Business consulting or professional services firm supporting operations.,Terminate,Minimal $88/yr professional services; likely completed one-time engagement with no ongoing value.
London Waste Management,Facilities,$86,UK commercial waste collection and disposal management services provider.,Optimize,Waste management is a required facilities service for London office; retain and optimize.
Hilton Garden Inn - Zagreb City Hotels D.O.O.,G&A,$82,Zagreb Hilton hotel providing accommodations for business travel and events.,Terminate,"Trivial $82/yr hotel spend; book through corporate travel platform, no direct vendor needed."
Lider Media D.O.O.,Marketing,$80,Croatian business media publisher for corporate advertising and press coverage.,Terminate,Negligible $80/yr media spend; too small to drive meaningful brand or press impact.
Uptime Robot Service Provider Ltd,Engineering,$78,Website and server uptime monitoring SaaS platform with alerting capabilities.,Terminate,"At $78/yr likely free tier; redundant with primary engineering monitoring tools (e.g., Datadog)."
Mithras Consultants,Professional Services,$77,Specialist consulting firm providing advisory or technical project services.,Terminate,Minimal $77/yr consulting spend; likely completed one-time project with no ongoing need.
6Sense Insights Inc,Marketing,$76,AI-driven B2B account engagement and revenue intelligence marketing platform.,Terminate,Spend is $76/yr—far below $5K threshold; negligible usage of an otherwise strategic marketing platform.
Ico,Legal,$67,UK Information Commissioner's Office data protection registration and compliance fee.,Optimize,UK data protection registration is a mandatory compliance fee; retain and confirm correct fee level.
Sportska Udruga Split,G&A,$66,Croatian sports association providing employee wellness or team-building activities.,Terminate,Spend is $66/yr with no strategic value; minor wellness perk easily handled internally.
Prezzee,G&A,$64,Digital gift card platform used for employee rewards and corporate gifting.,Terminate,Spend is $64/yr; negligible gifting volume with no strategic value at this scale.
Inet Telecoms Ltd.,Engineering,$63,UK telecom provider supplying internet connectivity and networking services.,Terminate,Spend is $63/yr; too low to represent meaningful connectivity—likely legacy or unused service.
Wolt Enterprises Oy,G&A,$62,European food delivery platform used for employee meal ordering and catering.,Terminate,Spend is $62/yr; trivial food delivery spend with no strategic value.
Platinum Office D.O.O.,Facilities,$62,Croatian office supplies and stationery procurement services provider.,Terminate,"Spend is $62/yr; negligible office supplies spend, consolidate into a primary supplier."
Snappy Snaps,Marketing,$59,UK photo printing and imaging services for marketing and promotional materials.,Terminate,Spend is $59/yr; trivial photo printing spend with no ongoing strategic need.
New Block D.O.O.,Engineering,$56,Croatian IT or software development services company.,Terminate,Spend is $56/yr; appears to be a completed or negligible IT engagement with no ongoing value.
Cayman Islands Government,Legal,$56,Cayman Islands government statutory fees for corporate registration and compliance.,Optimize,Mandatory government statutory/compliance fee for corporate registration; retain and verify necessity.
Officeworks,Facilities,$56,Australian office supplies and stationery retailer for workplace procurement needs.,Terminate,Spend is $56/yr; trivial office supplies purchase easily consolidated into primary procurement.
Click Send Pty Ltd,Marketing,$55,"Australian cloud-based SMS, email, and direct mail messaging platform for business communications.",Terminate,Spend is $55/yr; negligible messaging usage—likely unused or replaceable by existing tools.
Kall Kwik Centre 565,Facilities,$55,UK print and copy centre providing business printing and document services.,Terminate,Spend is $55/yr; trivial printing spend with no strategic value.
Shilton Hospitality Llp,G&A,$55,UK hospitality venue providing corporate dining or event hosting services.,Terminate,Spend is $55/yr; negligible hospitality spend with no ongoing strategic need.
Axosoft Gitkraken,Engineering,$54,Git GUI client and repository management tool for software development teams.,Terminate,Spend is $54/yr; likely one or two seats—negligible and replaceable by free Git tools.
Istra Wine,G&A,$53,Croatian wine retailer likely used for corporate entertainment or team events.,Terminate,Spend is $53/yr; trivial entertainment purchase with no strategic value.
Gophr,Facilities,$52,UK same-day courier and on-demand delivery service for business parcels.,Terminate,"Spend is $52/yr; negligible courier spend, consolidate into primary shipping vendor."
Pan-Pek D.O.O.,Facilities,$50,Croatian bakery chain likely used for office catering or team food purchases.,Terminate,Spend is $50/yr; trivial catering purchase with no strategic value.
Uber *Eats,Facilities,$50,On-demand food delivery platform used for employee meals or office catering.,Terminate,Spend is $50/yr; negligible food delivery spend with no strategic value.
Fedex Express Uk Transportation Ltd,Facilities,$47,UK express courier and freight shipping service for business document and parcel delivery.,Terminate,"Spend is $47/yr; trivial shipping volume, consolidate into a primary courier provider."
Garden City D.O.O.,Facilities,$45,Croatian retail or food vendor likely used for office supplies or catering.,Terminate,Spend is $45/yr; negligible retail purchase with no strategic value.
Livingstone,Facilities,$41,"Australian medical, laboratory, or office supply distributor for workplace procurement.",Terminate,Spend is $41/yr; trivial supply purchase with no strategic need.
Ekupi D.O.O.,Facilities,$40,Croatian e-commerce retailer used for office equipment or miscellaneous supply purchases.,Terminate,Spend is $40/yr; negligible e-commerce purchase with no ongoing strategic value.
Farmacia - Specijalizirana Prodavaonica D.O.O.,Facilities,$36,Croatian specialised pharmacy retailer for employee health or first-aid supply purchases.,Terminate,Spend is $36/yr; trivial first-aid supply purchase easily handled via primary procurement.
Cupcake Central (Life Is Sweet Bakery),Facilities,$35,Australian bakery providing cupcakes and baked goods for office events or team catering.,Terminate,Spend is $35/yr; trivial catering purchase with no strategic value.
Post Office Ltd,Facilities,$32,"UK postal service used for business mail, parcels, and document delivery.",Terminate,Spend is $32/yr; negligible postal spend with no strategic value.
Currys Pc World,Engineering,$30,UK consumer electronics and computing retailer for hardware and tech equipment purchases.,Terminate,"Spend is $30/yr; trivial electronics purchase, consolidate into primary IT procurement channel."
Brodomerkur D.D.,Facilities,$29,Croatian nautical and general retail store for miscellaneous office or facilities purchases.,Terminate,Spend is $29/yr; negligible miscellaneous retail purchase with no strategic value.
Sport Vision D.O.O.,G&A,$26,Croatian sports apparel and equipment retailer likely used for team or employee purchases.,Terminate,Spend is $26/yr; trivial sports retail purchase with no strategic value.
Harissa D.O.O.,Facilities,$21,Croatian food or catering vendor likely used for office meals or team events.,Terminate,Spend is $21/yr; negligible catering purchase with no strategic value.
Specijalisticka Ordinacija Medicine Rada I Sporta Ina Kardos,G&A,$20,Croatian occupational and sports medicine clinic providing mandatory employee health assessments.,Optimize,Mandatory occupational health screening under Croatian law; retain and consolidate with other clinics.
Specijalisticka Ordinacija Medicine Rada Helena Blazic,G&A,$20,Croatian occupational medicine clinic providing mandatory workplace health screenings for employees.,Optimize,Mandatory occupational health screening under Croatian law; consolidate with other occupational clinics.
Ustanova Za Medicinu Rada I Sporta Dr. Novacki,G&A,$20,Croatian occupational and sports medicine institution providing employee health and fitness assessments.,Optimize,Mandatory occupational health assessment under Croatian law; consolidate with other occupational clinics.
M&S Simply Food,Facilities,$19,"UK food retailer used for office catering, employee meals, or team event refreshments.",Terminate,Spend is $19/yr; trivial food purchase with no strategic value.
Bakemono Bakers Melbourne,Facilities,$18,Australian artisan bakery providing baked goods for office events or team catering in Melbourne.,Terminate,Spend is $18/yr; trivial bakery purchase with no strategic value.
Coles,Facilities,$18,"Australian supermarket chain used for office grocery, catering, and general supply purchases.",Terminate,Spend is $18/yr; negligible grocery purchase with no strategic value.
